kind,volume,contained,katz_tao_ratio,frostman_ratio,a,b,thickness
oriented_box,2.0,6,0.009075,0.0625,1.0,1.0,
oriented_box,0.193978836443053,0,0.0,0.0,0.0969894182215265,1.0,
oriented_box,0.06877167759440779,0,0.0,0.0,0.16289086141905065,0.21109740901144472,
oriented_box,0.3257817228381013,0,0.0,0.0,0.35453185953405447,0.4594533806725604,
oriented_box,0.006670125000000001,0,0.0,0.0,0.05775,0.05775,
oriented_box,0.193978836443053,0,0.0,0.0,0.21109740901144472,0.4594533806725604,
oriented_box,0.193978836443053,0,0.0,0.0,0.21109740901144472,0.4594533806725604,
oriented_box,0.11549999999999999,0,0.0,0.0,0.16289086141905065,0.35453185953405447,
oriented_box,0.1155,0,0.0,0.0,0.05775,1.0,
oriented_box,0.01451752295354991,0,0.0,0.0,0.07484075695964837,0.0969894182215265,
oriented_box,0.14968151391929674,1,0.020209576458659943,0.13918441087231365,0.21109740901144472,0.35453185953405447,
oriented_box,0.11549999999999999,0,0.0,0.0,0.16289086141905065,0.35453185953405447,
oriented_box,0.05306686546768073,0,0.0,0.0,0.16289086141905065,0.16289086141905065,
oriented_box,0.42219481802288944,1,0.007164938722284362,0.049345308004713234,0.4594533806725604,0.4594533806725604,
oriented_box,0.3257817228381013,0,0.0,0.0,0.16289086141905065,1.0,
oriented_box,0.42219481802288944,0,0.0,0.0,0.35453185953405447,0.5954257800381627,
oriented_box,0.14968151391929674,0,0.0,0.0,0.21109740901144472,0.35453185953405447,
oriented_box,1.1908515600763254,2,0.005080398097318054,0.03498896761238329,0.5954257800381627,1.0,
oriented_box,0.006670125000000001,0,0.0,0.0,0.05775,0.05775,
oriented_box,0.5471407751562604,0,0.0,0.0,0.2735703875781302,1.0,
oriented_box,0.7090637190681089,4,0.017064756910567212,0.11752587403971909,0.35453185953405447,1.0,
oriented_box,0.9189067613451208,3,0.009875865954795856,0.06801560574928277,0.4594533806725604,1.0,
oriented_box,0.14968151391929674,0,0.0,0.0,0.2735703875781302,0.2735703875781302,
oriented_box,0.42219481802288944,1,0.007164938722284362,0.049345308004713234,0.4594533806725604,0.4594533806725604,
oriented_box,0.024381750740821866,0,0.0,0.0,0.0969894182215265,0.12569283942467455,
oriented_box,0.01120227780458631,0,0.0,0.0,0.05775,0.0969894182215265,
oriented_box,0.19397883644305297,0,0.0,0.0,0.2735703875781302,0.35453185953405447,
oriented_box,0.06877167759440779,0,0.0,0.0,0.0969894182215265,0.35453185953405447,
oriented_box,0.08912423218269036,0,0.0,0.0,0.16289086141905065,0.2735703875781302,
oriented_box,0.42219481802288944,0,0.0,0.0,0.35453185953405447,0.5954257800381627,
oriented_box,0.193978836443053,0,0.0,0.0,0.16289086141905065,0.5954257800381627,
oriented_box,0.08912423218269036,0,0.0,0.0,0.21109740901144472,0.21109740901144472,
oriented_box,0.11550000000000002,0,0.0,0.0,0.0969894182215265,0.5954257800381627,
oriented_box,0.03159737976527404,0,0.0,0.0,0.12569283942467455,0.12569283942467455,
oriented_box,0.14968151391929674,1,0.020209576458659943,0.13918441087231365,0.2735703875781302,0.2735703875781302,
oriented_box,2.0,19,0.0287375,0.19791666666666666,1.0,1.0,
oriented_box,0.3257817228381013,1,0.009285358225891903,0.06394874811220319,0.16289086141905065,1.0,
oriented_box,0.7090637190681089,2,0.008532378455283606,0.058762937019859546,0.4594533806725604,0.771638373876107,
oriented_box,0.193978836443053,0,0.0,0.0,0.12569283942467455,0.771638373876107,
oriented_box,0.19397883644305297,1,0.015594484715285213,0.10740003247441608,0.2735703875781302,0.35453185953405447,
oriented_box,0.2513856788493491,1,0.012033302827138485,0.0828739864127995,0.12569283942467455,1.0,
oriented_box,0.3257817228381013,0,0.0,0.0,0.35453185953405447,0.4594533806725604,
oriented_box,0.14968151391929674,0,0.0,0.0,0.0969894182215265,0.771638373876107,
oriented_box,0.024381750740821866,0,0.0,0.0,0.07484075695964837,0.16289086141905065,
oriented_box,0.05306686546768073,0,0.0,0.0,0.12569283942467455,0.21109740901144472,
oriented_box,1.543276747752214,8,0.015680920505831086,0.10799532028809289,0.771638373876107,1.0,
oriented_box,0.05306686546768073,0,0.0,0.0,0.0969894182215265,0.2735703875781302,
oriented_box,1.543276747752214,11,0.02156126569551774,0.1484935653961277,0.771638373876107,1.0,
oriented_box,0.918906761345121,3,0.009875865954795855,0.06801560574928275,0.5954257800381627,0.771638373876107,
oriented_box,0.06877167759440779,0,0.0,0.0,0.16289086141905065,0.21109740901144472,
oriented_box,2.0,12,0.01815,0.125,1.0,1.0,
oriented_box,1.543276747752214,3,0.0058803451896866565,0.04049824510803483,0.771638373876107,1.0,
oriented_box,0.14968151391929674,0,0.0,0.0,0.2735703875781302,0.2735703875781302,
oriented_box,0.3257817228381013,1,0.009285358225891903,0.06394874811220319,0.2735703875781302,0.5954257800381627,
oriented_box,0.3257817228381013,1,0.009285358225891903,0.06394874811220319,0.35453185953405447,0.4594533806725604,
oriented_box,0.918906761345121,1,0.003291955318265285,0.02267186858309425,0.5954257800381627,0.771638373876107,
oriented_box,0.06877167759440779,0,0.0,0.0,0.16289086141905065,0.21109740901144472,
oriented_box,0.7090637190681089,0,0.0,0.0,0.4594533806725604,0.771638373876107,
oriented_box,0.2513856788493491,0,0.0,0.0,0.16289086141905065,0.771638373876107,
oriented_box,0.03159737976527404,0,0.0,0.0,0.07484075695964837,0.21109740901144472,
oriented_box,0.1155,0,0.0,0.0,0.12569283942467455,0.4594533806725604,
oriented_box,0.14968151391929674,0,0.0,0.0,0.2735703875781302,0.2735703875781302,
oriented_box,0.0409484297761833,0,0.0,0.0,0.0969894182215265,0.21109740901144472,
oriented_box,0.918906761345121,3,0.009875865954795855,0.06801560574928275,0.5954257800381627,0.771638373876107,
oriented_box,0.14968151391929674,0,0.0,0.0,0.21109740901144472,0.35453185953405447,
oriented_box,0.08912423218269036,0,0.0,0.0,0.16289086141905065,0.2735703875781302,
oriented_box,2.0,6,0.009075,0.0625,1.0,1.0,
oriented_box,0.14968151391929674,0,0.0,0.0,0.16289086141905065,0.4594533806725604,
oriented_box,0.05306686546768073,0,0.0,0.0,0.12569283942467455,0.21109740901144472,
oriented_box,0.024381750740821866,0,0.0,0.0,0.0969894182215265,0.12569283942467455,
oriented_box,0.42219481802288944,0,0.0,0.0,0.35453185953405447,0.5954257800381627,
oriented_box,0.05306686546768073,0,0.0,0.0,0.16289086141905065,0.16289086141905065,
oriented_box,0.01451752295354991,0,0.0,0.0,0.07484075695964837,0.0969894182215265,
oriented_box,0.25138567884934904,0,0.0,0.0,0.35453185953405447,0.35453185953405447,
oriented_box,0.08912423218269036,0,0.0,0.0,0.12569283942467455,0.35453185953405447,
oriented_box,0.14968151391929674,0,0.0,0.0,0.0969894182215265,0.771638373876107,
oriented_box,0.2513856788493491,0,0.0,0.0,0.12569283942467455,1.0,
oriented_box,0.024381750740821866,0,0.0,0.0,0.0969894182215265,0.12569283942467455,
oriented_box,0.04094842977618329,0,0.0,0.0,0.07484075695964837,0.2735703875781302,
oriented_box,0.193978836443053,0,0.0,0.0,0.0969894182215265,1.0,
oriented_box,0.7090637190681089,0,0.0,0.0,0.4594533806725604,0.771638373876107,
oriented_box,0.2513856788493491,1,0.012033302827138485,0.0828739864127995,0.12569283942467455,1.0,
oriented_box,0.08912423218269036,0,0.0,0.0,0.21109740901144472,0.21109740901144472,
oriented_box,0.1155,0,0.0,0.0,0.12569283942467455,0.4594533806725604,
oriented_box,1.1908515600763254,14,0.03556278668122638,0.24492277328668302,0.5954257800381627,1.0,
oriented_box,0.42219481802288944,0,0.0,0.0,0.4594533806725604,0.4594533806725604,
oriented_box,0.9189067613451208,2,0.0065839106365305705,0.04534373716618851,0.4594533806725604,1.0,
oriented_box,0.193978836443053,0,0.0,0.0,0.12569283942467455,0.771638373876107,
oriented_box,0.03159737976527404,0,0.0,0.0,0.0969894182215265,0.16289086141905065,
oriented_box,0.42219481802288944,0,0.0,0.0,0.4594533806725604,0.4594533806725604,
oriented_box,1.543276747752214,11,0.02156126569551774,0.1484935653961277,0.771638373876107,1.0,
oriented_box,1.543276747752214,13,0.025481495821975512,0.17549239546815093,0.771638373876107,1.0,
oriented_box,0.7090637190681089,2,0.008532378455283606,0.058762937019859546,0.35453185953405447,1.0,
oriented_box,2.0,17,0.0257125,0.17708333333333334,1.0,1.0,
oriented_box,0.5471407751562604,1,0.005528741664585456,0.03807673322717257,0.4594533806725604,0.5954257800381627,
oriented_box,0.06877167759440779,0,0.0,0.0,0.12569283942467455,0.2735703875781302,
oriented_box,0.01451752295354991,0,0.0,0.0,0.07484075695964837,0.0969894182215265,
oriented_box,0.14968151391929674,0,0.0,0.0,0.12569283942467455,0.5954257800381627,
oriented_box,2.0,12,0.01815,0.125,1.0,1.0,
oriented_box,0.05306686546768073,0,0.0,0.0,0.05775,0.4594533806725604,
oriented_box,0.05306686546768073,0,0.0,0.0,0.07484075695964837,0.35453185953405447,
oriented_box,0.2513856788493491,1,0.012033302827138485,0.0828739864127995,0.2735703875781302,0.4594533806725604,
oriented_box,0.05306686546768073,0,0.0,0.0,0.16289086141905065,0.16289086141905065,
oriented_box,0.06877167759440779,0,0.0,0.0,0.16289086141905065,0.21109740901144472,
oriented_box,1.543276747752214,10,0.019601150632288854,0.1349941503601161,0.771638373876107,1.0,
oriented_box,0.709063719068109,1,0.004266189227641802,0.029381468509929766,0.5954257800381627,0.5954257800381627,
oriented_box,0.25138567884934904,1,0.012033302827138489,0.08287398641279951,0.35453185953405447,0.35453185953405447,
oriented_box,0.193978836443053,1,0.015594484715285212,0.10740003247441607,0.21109740901144472,0.4594533806725604,
oriented_box,1.1908515600763254,6,0.015241194291954162,0.10496690283714986,0.5954257800381627,1.0,
oriented_box,0.08912423218269036,0,0.0,0.0,0.16289086141905065,0.2735703875781302,
oriented_box,0.193978836443053,0,0.0,0.0,0.0969894182215265,1.0,
oriented_box,0.19397883644305297,0,0.0,0.0,0.2735703875781302,0.35453185953405447,
oriented_box,0.3257817228381013,0,0.0,0.0,0.35453185953405447,0.4594533806725604,
oriented_box,0.2513856788493491,0,0.0,0.0,0.21109740901144472,0.5954257800381627,
oriented_box,1.1908515600763254,2,0.005080398097318054,0.03498896761238329,0.5954257800381627,1.0,
oriented_box,0.06877167759440779,0,0.0,0.0,0.12569283942467455,0.2735703875781302,
oriented_box,0.918906761345121,1,0.003291955318265285,0.02267186858309425,0.5954257800381627,0.771638373876107,
oriented_box,0.03159737976527404,0,0.0,0.0,0.05775,0.2735703875781302,
oriented_box,0.06877167759440779,0,0.0,0.0,0.12569283942467455,0.2735703875781302,
oriented_box,2.0,19,0.0287375,0.19791666666666666,1.0,1.0,
oriented_box,0.25138567884934904,0,0.0,0.0,0.35453185953405447,0.35453185953405447,
oriented_box,0.3257817228381013,0,0.0,0.0,0.2735703875781302,0.5954257800381627,
oriented_box,1.1908515600763254,6,0.015241194291954162,0.10496690283714986,0.771638373876107,0.771638373876107,
oriented_box,0.08912423218269036,0,0.0,0.0,0.0969894182215265,0.4594533806725604,
oriented_box,0.9189067613451208,1,0.0032919553182652853,0.022671868583094255,0.4594533806725604,1.0,
oriented_box,0.42219481802288944,1,0.007164938722284362,0.049345308004713234,0.2735703875781302,0.771638373876107,
oriented_box,0.42219481802288944,1,0.007164938722284362,0.049345308004713234,0.21109740901144472,1.0,
oriented_box,0.42219481802288944,0,0.0,0.0,0.35453185953405447,0.5954257800381627,
oriented_box,0.42219481802288944,1,0.007164938722284362,0.049345308004713234,0.4594533806725604,0.4594533806725604,
oriented_box,0.05306686546768073,0,0.0,0.0,0.07484075695964837,0.35453185953405447,
oriented_box,0.1155,0,0.0,0.0,0.21109740901144472,0.2735703875781302,
oriented_box,0.1155,0,0.0,0.0,0.07484075695964837,0.771638373876107,
oriented_box,0.42219481802288944,0,0.0,0.0,0.4594533806725604,0.4594533806725604,
oriented_box,0.42219481802288944,1,0.007164938722284362,0.049345308004713234,0.21109740901144472,1.0,
oriented_box,0.11550000000000002,0,0.0,0.0,0.0969894182215265,0.5954257800381627,
oriented_box,0.03159737976527404,0,0.0,0.0,0.0969894182215265,0.16289086141905065,
oriented_box,0.193978836443053,0,0.0,0.0,0.0969894182215265,1.0,
oriented_box,0.2513856788493491,0,0.0,0.0,0.12569283942467455,1.0,
oriented_box,0.3257817228381013,1,0.009285358225891903,0.06394874811220319,0.2735703875781302,0.5954257800381627,
oriented_box,0.04094842977618329,0,0.0,0.0,0.07484075695964837,0.2735703875781302,
oriented_box,0.1155,0,0.0,0.0,0.07484075695964837,0.771638373876107,
oriented_box,1.543276747752214,16,0.03136184101166217,0.21599064057618578,0.771638373876107,1.0,
oriented_box,1.1908515600763254,7,0.01778139334061319,0.12246138664334151,0.771638373876107,0.771638373876107,
oriented_box,0.14968151391929674,0,0.0,0.0,0.21109740901144472,0.35453185953405447,
oriented_box,0.5471407751562604,0,0.0,0.0,0.2735703875781302,1.0,
oriented_box,0.25138567884934904,0,0.0,0.0,0.35453185953405447,0.35453185953405447,
oriented_box,0.018813894493900352,0,0.0,0.0,0.0969894182215265,0.0969894182215265,
oriented_box,0.2513856788493491,0,0.0,0.0,0.12569283942467455,1.0,
oriented_box,0.3257817228381013,0,0.0,0.0,0.16289086141905065,1.0,
oriented_box,0.42219481802288944,1,0.007164938722284362,0.049345308004713234,0.2735703875781302,0.771638373876107,
oriented_box,0.01120227780458631,0,0.0,0.0,0.07484075695964837,0.07484075695964837,
oriented_box,1.1908515600763254,2,0.005080398097318054,0.03498896761238329,0.771638373876107,0.771638373876107,
oriented_box,0.42219481802288944,0,0.0,0.0,0.2735703875781302,0.771638373876107,
oriented_box,0.024381750740821866,0,0.0,0.0,0.0969894182215265,0.12569283942467455,
oriented_box,0.06877167759440779,0,0.0,0.0,0.12569283942467455,0.2735703875781302,
oriented_box,0.024381750740821866,0,0.0,0.0,0.07484075695964837,0.16289086141905065,
oriented_box,0.42219481802288944,0,0.0,0.0,0.35453185953405447,0.5954257800381627,
oriented_box,0.14968151391929674,0,0.0,0.0,0.2735703875781302,0.2735703875781302,
oriented_box,0.06877167759440779,0,0.0,0.0,0.16289086141905065,0.21109740901144472,
oriented_box,0.193978836443053,1,0.015594484715285212,0.10740003247441607,0.21109740901144472,0.4594533806725604,
oriented_box,0.3257817228381013,0,0.0,0.0,0.35453185953405447,0.4594533806725604,
oriented_box,0.05306686546768073,0,0.0,0.0,0.07484075695964837,0.35453185953405447,
oriented_box,0.918906761345121,2,0.00658391063653057,0.0453437371661885,0.5954257800381627,0.771638373876107,
oriented_box,0.3257817228381013,0,0.0,0.0,0.16289086141905065,1.0,
oriented_box,0.5471407751562604,0,0.0,0.0,0.35453185953405447,0.771638373876107,
oriented_box,2.0,11,0.0166375,0.11458333333333333,1.0,1.0,
oriented_box,0.5471407751562604,6,0.03317244998751274,0.2284603993630354,0.35453185953405447,0.771638373876107,
oriented_box,0.5471407751562604,1,0.005528741664585456,0.03807673322717257,0.4594533806725604,0.5954257800381627,
oriented_box,1.1908515600763254,3,0.007620597145977081,0.05248345141857493,0.5954257800381627,1.0,
oriented_box,0.14968151391929674,0,0.0,0.0,0.12569283942467455,0.5954257800381627,
oriented_box,0.06877167759440779,0,0.0,0.0,0.0969894182215265,0.35453185953405447,
oriented_box,1.543276747752214,10,0.019601150632288854,0.1349941503601161,0.771638373876107,1.0,
oriented_box,0.024381750740821866,0,0.0,0.0,0.05775,0.21109740901144472,
oriented_box,0.03159737976527404,0,0.0,0.0,0.12569283942467455,0.12569283942467455,
oriented_box,0.7090637190681089,0,0.0,0.0,0.4594533806725604,0.771638373876107,
oriented_box,0.06877167759440779,0,0.0,0.0,0.07484075695964837,0.4594533806725604,
oriented_box,0.06877167759440779,0,0.0,0.0,0.16289086141905065,0.21109740901144472,
oriented_box,0.5471407751562604,1,0.005528741664585456,0.03807673322717257,0.4594533806725604,0.5954257800381627,
oriented_box,0.5471407751562604,1,0.005528741664585456,0.03807673322717257,0.35453185953405447,0.771638373876107,
oriented_box,0.08912423218269036,0,0.0,0.0,0.16289086141905065,0.2735703875781302,
slab,0.2199981893946512,0,0.0,0.0,,,0.12569283942467455
slab,0.2833299165564569,0,0.0,0.0,,,0.0969894182215265
slab,0.42847090355855877,0,0.0,0.0,,,0.21109740901144472
slab,1.2217195741146796,0,0.0,0.0,,,0.5954257800381627
slab,0.5526546391618861,0,0.0,0.0,,,0.4594533806725604
slab,0.27725665594906945,0,0.0,0.0,,,0.12569283942467455
slab,2.541361023589618,15,0.01785460608658772,0.12296560665694023,,,1.0
slab,0.8044817118425863,0,0.0,0.0,,,0.2735703875781302
slab,0.8835368095221543,0,0.0,0.0,,,0.771638373876107
slab,1.4108883323442865,6,0.012864235661969467,0.0885966643386327,,,0.4594533806725604
slab,0.657510094665076,0,0.0,0.0,,,0.2735703875781302
slab,1.3035613806191766,0,0.0,0.0,,,0.771638373876107
slab,2.339777994442269,4,0.005171430806145463,0.03561591464287509,,,1.0
slab,2.3742051756084472,5,0.006370553040397553,0.04387433223414292,,,1.0
slab,1.080808686288684,2,0.005597660415530788,0.0385513802722506,,,0.35453185953405447
slab,0.8173891956561881,1,0.003700807419617988,0.02548765440508256,,,0.2735703875781302
slab,0.45710230073322045,0,0.0,0.0,,,0.35453185953405447
slab,1.0808007637350783,3,0.00839655217177884,0.05782749429599752,,,0.35453185953405447
slab,0.7334379504882846,0,0.0,0.0,,,0.5954257800381627
slab,1.7946613663117832,19,0.0320255403492176,0.22056157265301377,,,0.5954257800381627
slab,1.755737324023872,6,0.010337537256656976,0.07119516016981389,,,0.5954257800381627
slab,1.587795086854654,0,0.0,0.0,,,0.5954257800381627
slab,2.8419346451538248,22,0.023417146524985576,0.1612751138084406,,,1.0
slab,1.66128187868406,0,0.0,0.0,,,0.771638373876107
slab,0.2274577067628607,0,0.0,0.0,,,0.12569283942467455
slab,0.8822034976552928,0,0.0,0.0,,,0.35453185953405447
slab,1.529464953828218,0,0.0,0.0,,,0.771638373876107
slab,1.1013531406114068,5,0.013733106523492987,0.09458062344003434,,,0.35453185953405447
slab,0.1503921382750517,0,0.0,0.0,,,0.0969894182215265
slab,0.7898434551338915,0,0.0,0.0,,,0.2735703875781302
slab,0.3027508703179509,0,0.0,0.0,,,0.0969894182215265
slab,2.254229277669081,13,0.017444986803056187,0.12014453721113076,,,0.771638373876107
slab,0.49651812016541147,0,0.0,0.0,,,0.16289086141905065
slab,0.31993488786878843,0,0.0,0.0,,,0.2735703875781302
slab,0.5117317775316812,0,0.0,0.0,,,0.21109740901144472
slab,1.8054203337385333,12,0.020106121173916656,0.13847190891127173,,,0.5954257800381627
slab,1.6744747360439312,1,0.0018065366618470358,0.012441712547155896,,,0.771638373876107
slab,0.11956122839429417,0,0.0,0.0,,,0.05775
slab,0.28632353496603646,0,0.0,0.0,,,0.12569283942467455
slab,0.09477390657340012,0,0.0,0.0,,,0.05775
slab,0.262620479669489,0,0.0,0.0,,,0.0969894182215265
slab,0.8472515677071861,0,0.0,0.0,,,0.35453185953405447
slab,1.0996392642274992,3,0.008252706405836847,0.05683682097683779,,,0.35453185953405447
slab,1.4178410079627695,7,0.014934678769395578,0.1028559143897767,,,0.4594533806725604
slab,0.22672774880962593,0,0.0,0.0,,,0.07484075695964837
slab,1.793040874777488,11,0.01855785914759436,0.12780894729748182,,,0.5954257800381627
slab,0.20577391542628432,0,0.0,0.0,,,0.07484075695964837
slab,0.6373902034345822,0,0.0,0.0,,,0.4594533806725604
slab,0.18319124808529064,0,0.0,0.0,,,0.16289086141905065
slab,0.8134945621225109,0,0.0,0.0,,,0.4594533806725604
slab,0.25213706420034576,0,0.0,0.0,,,0.12569283942467455
slab,0.9124091890235259,0,0.0,0.0,,,0.35453185953405447
slab,0.21544735466017817,0,0.0,0.0,,,0.07484075695964837
slab,0.1633853741013096,0,0.0,0.0,,,0.07484075695964837
slab,0.46835891824425224,0,0.0,0.0,,,0.35453185953405447
slab,1.6074269382980197,1,0.001881889576395266,0.012960672013741502,,,1.0
slab,0.28611503506970637,0,0.0,0.0,,,0.0969894182215265
slab,0.15893755604655868,0,0.0,0.0,,,0.07484075695964837
slab,0.7258099217689786,0,0.0,0.0,,,0.2735703875781302
slab,0.5890349252643783,0,0.0,0.0,,,0.4594533806725604
slab,0.39651528165033123,0,0.0,0.0,,,0.35453185953405447
slab,0.11786269303965136,0,0.0,0.0,,,0.07484075695964837
slab,0.5053632068746001,0,0.0,0.0,,,0.16289086141905065
slab,1.793396789561288,20,0.03373486578773228,0.23233378641688898,,,0.5954257800381627
slab,0.2809396814380001,0,0.0,0.0,,,0.0969894182215265
slab,2.410541656231444,9,0.011294142098569914,0.07778334778629419,,,1.0
slab,0.6551123226231162,0,0.0,0.0,,,0.21109740901144472
slab,0.20508589470217975,0,0.0,0.0,,,0.07484075695964837
slab,0.2138594220195591,0,0.0,0.0,,,0.0969894182215265
slab,0.10153344701227729,0,0.0,0.0,,,0.05775
slab,1.3430077815616726,1,0.002252406904509874,0.01551244424593577,,,0.4594533806725604
slab,0.4291092610811169,0,0.0,0.0,,,0.35453185953405447
slab,0.21551139463952007,0,0.0,0.0,,,0.07484075695964837
slab,0.5289097371902256,0,0.0,0.0,,,0.21109740901144472
slab,2.7796373715577287,25,0.0272067863145829,0.18737456139519906,,,1.0
slab,1.052909888321697,3,0.008618971196542988,0.05935930576131534,,,0.35453185953405447
slab,1.0323079055133142,0,0.0,0.0,,,0.35453185953405447
slab,0.19306239135928505,0,0.0,0.0,,,0.16289086141905065
slab,0.39272293029980215,0,0.0,0.0,,,0.12569283942467455
slab,0.7821139871026843,0,0.0,0.0,,,0.4594533806725604
slab,0.8531762106695344,4,0.014182298860049628,0.09767423457334456,,,0.2735703875781302
slab,1.4613582291861917,0,0.0,0.0,,,0.771638373876107
slab,1.0983779125055544,3,0.008262183622482584,0.05690209106392964,,,0.35453185953405447
slab,0.6425803991901766,0,0.0,0.0,,,0.21109740901144472
slab,0.7470566473790704,0,0.0,0.0,,,0.2735703875781302
slab,0.6482059301478738,0,0.0,0.0,,,0.35453185953405447
slab,1.4381604812633122,0,0.0,0.0,,,1.0
slab,0.5286841644720413,0,0.0,0.0,,,0.2735703875781302
slab,0.3588632582863598,0,0.0,0.0,,,0.16289086141905065
slab,0.33321743397947756,0,0.0,0.0,,,0.12569283942467455
slab,0.1584698868995107,0,0.0,0.0,,,0.12569283942467455
slab,1.3680731000001138,3,0.006633417468700499,0.045684693310609495,,,0.4594533806725604
slab,0.5211083024946008,0,0.0,0.0,,,0.35453185953405447
slab,2.384859504961436,12,0.015221022422696965,0.1048279781177477,,,1.0
slab,0.18130347851185333,0,0.0,0.0,,,0.05775
slab,0.22080467236066914,0,0.0,0.0,,,0.0969894182215265
slab,2.230429897861053,15,0.020343611804842603,0.1401075193170978,,,0.771638373876107
slab,0.31644527871808603,0,0.0,0.0,,,0.12569283942467455
slab,0.5381554831112566,0,0.0,0.0,,,0.21109740901144472
slab,0.5100273627601046,0,0.0,0.0,,,0.16289086141905065
slab,0.5022221198593455,0,0.0,0.0,,,0.16289086141905065
slab,0.16714245005790052,0,0.0,0.0,,,0.05775
slab,0.5149467835307078,0,0.0,0.0,,,0.2735703875781302
slab,0.6409154583689335,0,0.0,0.0,,,0.21109740901144472
slab,0.1941463934739862,0,0.0,0.0,,,0.07484075695964837
slab,0.20441808829987074,0,0.0,0.0,,,0.0969894182215265
slab,0.3855710814974185,0,0.0,0.0,,,0.21109740901144472
slab,0.30225545000371934,0,0.0,0.0,,,0.12569283942467455
slab,0.3882403012468321,0,0.0,0.0,,,0.12569283942467455
slab,0.2591170683796846,0,0.0,0.0,,,0.0969894182215265
slab,0.3065283906036569,0,0.0,0.0,,,0.12569283942467455
slab,1.4261182451358416,1,0.0021211424861280422,0.014608419325950703,,,0.5954257800381627
slab,0.7104389337345337,0,0.0,0.0,,,0.2735703875781302
slab,0.3740224786938874,0,0.0,0.0,,,0.12569283942467455
slab,0.0823194545233834,0,0.0,0.0,,,0.05775
slab,0.6476538768760822,0,0.0,0.0,,,0.35453185953405447
slab,0.06759996083367947,0,0.0,0.0,,,0.05775
slab,1.4822038746197717,0,0.0,0.0,,,0.5954257800381627
slab,0.23482964424968075,0,0.0,0.0,,,0.07484075695964837
slab,0.9916650869064874,0,0.0,0.0,,,0.771638373876107
slab,2.732000222556362,21,0.02325219429907622,0.1601390791947398,,,1.0
slab,1.8593435638624003,1,0.0016269182623335034,0.011204671228192173,,,0.771638373876107
slab,0.31824168683717247,0,0.0,0.0,,,0.12569283942467455
slab,0.9372757888769752,0,0.0,0.0,,,0.4594533806725604
slab,1.4143504346381142,5,0.010693955069112691,0.07364982829967419,,,0.4594533806725604
slab,0.8209812873108252,0,0.0,0.0,,,0.35453185953405447
slab,0.11112794779733015,0,0.0,0.0,,,0.05775
slab,1.3446122957036173,2,0.00449943825393484,0.03098786676263664,,,0.4594533806725604
slab,1.0851979354775447,2,0.005575019821004063,0.03839545331270016,,,0.35453185953405447
slab,0.9780532171754276,0,0.0,0.0,,,0.4594533806725604
slab,0.30485302504234535,0,0.0,0.0,,,0.12569283942467455
slab,0.7533330844595012,0,0.0,0.0,,,0.5954257800381627
slab,0.766513163037416,0,0.0,0.0,,,0.35453185953405447
slab,2.3014482310949806,22,0.028916574833550313,0.19914996441839056,,,0.771638373876107
slab,0.30443924061556205,0,0.0,0.0,,,0.0969894182215265
slab,0.14493547308734978,0,0.0,0.0,,,0.05775
slab,0.17242333327843173,0,0.0,0.0,,,0.07484075695964837
slab,1.276317391386015,0,0.0,0.0,,,0.771638373876107
slab,0.8700161518481673,0,0.0,0.0,,,0.771638373876107
slab,1.8669440639529082,2,0.0032405898584825545,0.022318111973020346,,,0.771638373876107
slab,0.07952107806374675,0,0.0,0.0,,,0.05775
slab,0.5130383626557573,0,0.0,0.0,,,0.2735703875781302
slab,0.32604483024681774,0,0.0,0.0,,,0.12569283942467455
slab,0.23319094890317746,0,0.0,0.0,,,0.07484075695964837
slab,2.4535885292229542,12,0.01479465671104035,0.10189157514490599,,,1.0
slab,1.9625678097407189,4,0.0061653920643886286,0.042461377853916175,,,0.771638373876107
slab,0.6414086147353018,0,0.0,0.0,,,0.4594533806725604
slab,0.5013353844376489,0,0.0,0.0,,,0.35453185953405447
slab,0.9657952674720676,0,0.0,0.0,,,0.5954257800381627
slab,0.3044213761947482,0,0.0,0.0,,,0.0969894182215265
slab,0.6513006921221896,0,0.0,0.0,,,0.21109740901144472
slab,0.2563705433346417,0,0.0,0.0,,,0.16289086141905065
slab,2.239606242182329,15,0.020260257872734562,0.13953345642379175,,,0.771638373876107
slab,0.6353877586924415,0,0.0,0.0,,,0.21109740901144472
slab,0.3217435959347572,0,0.0,0.0,,,0.12569283942467455
slab,1.4139475929880048,4,0.00855760146981816,0.0589366492411719,,,0.4594533806725604
slab,1.5048753488594055,1,0.0020101332660494085,0.013843893016869205,,,0.771638373876107
slab,0.13011137954556418,0,0.0,0.0,,,0.07484075695964837
slab,0.5620102707048722,0,0.0,0.0,,,0.21109740901144472
slab,0.8254333414475157,0,0.0,0.0,,,0.4594533806725604
slab,0.577968996892855,0,0.0,0.0,,,0.2735703875781302
slab,0.5168368905213079,0,0.0,0.0,,,0.35453185953405447
slab,0.2055464937748661,0,0.0,0.0,,,0.07484075695964837
slab,0.8323476619438672,1,0.0036342986690626436,0.025029605158833634,,,0.2735703875781302
slab,0.8464195821440157,2,0.007147755235854894,0.04922696443426236,,,0.2735703875781302
slab,1.3842216546272639,1,0.0021853436477372234,0.015050576086344514,,,1.0
slab,0.600013556647124,0,0.0,0.0,,,0.21109740901144472
slab,0.5642586029715544,0,0.0,0.0,,,0.21109740901144472
slab,1.7991923319886407,9,0.015131789701386903,0.10421342769550208,,,0.5954257800381627
slab,1.0689996478142219,0,0.0,0.0,,,0.771638373876107
slab,1.7869038787035225,8,0.013542978046227179,0.09327119866547645,,,0.5954257800381627
slab,1.3977587957976572,0,0.0,0.0,,,0.771638373876107
slab,0.38777996342065074,0,0.0,0.0,,,0.12569283942467455
slab,0.21109886743932194,0,0.0,0.0,,,0.07484075695964837
slab,2.454677162932163,9,0.011091071531165902,0.07638479015954479,,,1.0
slab,2.067765796521485,1,0.0014629316362079446,0.010075286750743422,,,0.771638373876107
slab,0.2049224011504689,0,0.0,0.0,,,0.0969894182215265
slab,0.6409649789163459,0,0.0,0.0,,,0.2735703875781302
slab,0.4982159369321568,0,0.0,0.0,,,0.16289086141905065
slab,2.818463280257668,33,0.03541823684531872,0.2439272510008176,,,1.0
